place_id,cuisine,avg_price
001f28ef-599a-44b9-ba09-156451d43132,ایرانی,
00c87129-25e4-487d-9c29-a08422bf150c,ایرانی,
02207cdc-adaa-47c4-aaed-0f97e7bfb835,ایرانی,
02af52bf-e788-4d60-83a9-ef386986d575,ایرانی,
03e4fe6e-776c-48f1-b622-016b99b88c31,ایرانی,
0421898f-54d9-4e73-b439-6fb8610483bb,ایرانی,
04452ae6-7130-42eb-b18e-c500a64b1bee,ایرانی,
0454c3b8-fbca-4aa6-a5aa-580080ed8d59,ایرانی,
0511046e-5f8f-41e8-ab24-72ef8d5b3bbe,ایرانی,
051fed82-b959-4e45-a646-a5cc13c52795,ایرانی,
0569a233-dbca-4abf-9006-2751c798c01c,ایرانی,
05731181-1561-4782-bb6a-4ffa985da51f,ایرانی,
05abc159-75c7-4a8a-bb09-6c758bcdb3f7,ایرانی,
05c00824-1a84-4140-8cad-fa1e5bae0bf1,ایرانی,
05ebb565-f0ed-48fa-ad1c-ea0a762eb95f,ایرانی,
063b2b19-daed-49f9-9241-cf2f8ef037fc,ایرانی,
0683fb99-44c8-4bba-bb8d-e793d12a324c,ایرانی,
07a2674c-c9e9-4a4a-9d46-27c580659e33,ایرانی,
07cbde9b-e8ee-452c-8a3e-7b9a1c9e1a22,ایرانی,
07cef107-4f8e-4432-baa7-45f3c9e06a22,ایرانی,
083064d5-b88b-4c82-a5f6-e85916ba71a2,ایرانی,
084aa31f-54cf-4950-8e57-de521328c508,ایرانی,
08924b0c-c5d1-437c-9450-dddc94236ce1,ایرانی,
08b843f9-89dc-45af-8ad1-ae74da0aa97e,ایرانی,
08f4efc1-608e-450b-a4fd-4d2b4ca1cc37,ایرانی,
0917735f-5fa5-4794-a590-303dc85e96ac,ایرانی,
092a04f3-196b-4d02-a572-d5cd5448d765,ایرانی,
099289f6-f21e-4184-83cc-1f0708e562fc,ایرانی,
09930741-5068-4649-ba80-38ae02a62d8d,ایرانی,
0a625d41-7d59-4d26-9d02-43cbe56eda21,ایرانی,
0a7c750a-87d9-4cde-9a29-7d64d677c71f,ایرانی,
0a81badd-9f97-4677-852a-b1e325b2f1fe,ایرانی,
0b5f3954-3136-406a-90a8-778e2d615b9e,ایرانی,
0bc8aed8-0ac7-46bf-8aea-d70a56ee1cd8,ایرانی,
0be97bde-0c2a-4773-a990-71b9459f20c0,ایرانی,
0bf1714b-79a8-4d17-b56b-ee3da8265476,ایرانی,
0c0bf68e-e7c0-450a-9d3d-d26035a78b25,ایرانی,
0c9dd469-88a8-4de1-a98c-01b9128b437f,ایرانی,
0d42175e-473d-4640-83f2-3d900becdbc2,ایرانی,
0d6148af-2b25-49cd-8408-764295d32e51,ایرانی,
0d75c434-8a03-4552-9bc4-a58fb3bdd37b,ایرانی,
0e09381f-611c-42c7-9363-4cba5d09febe,ایرانی,
0e0d8f64-0770-400c-a23c-b58bf837afa4,ایرانی,
0e675ac2-1ab4-476d-9bfa-77d595259e63,ایرانی,
0e82036a-b1f7-4e0b-8f31-ee55983a4441,ایرانی,
0fb24d09-f607-4e23-bffb-d7b4a1787abb,ایرانی,
0fb3147e-1324-4b77-9f87-e6bfe6c2e217,ایرانی,
0fbbfaf8-c243-4847-9856-0fb065853f6d,ایرانی,
103d9055-4e66-469e-b5d2-26b57ca92e0a,ایرانی,
105ae642-97b5-459f-b55a-06d05ed23ccd,ایرانی,
105bbc62-6aa8-4fa6-879c-5bdf4a2bf7f2,ایرانی,
108931db-ffb9-4707-a98a-e2af10646780,ایرانی,
10b50500-beee-472e-b158-e51edafef3e6,ایرانی,
10dd9304-58f6-409a-903d-67191d1b92ce,ایرانی,
11115442-e347-44ce-9e92-f7efc7a66013,ایرانی,
112a2ac8-d726-4ceb-abb2-c852c8461c39,ایرانی,
1139fb3b-c296-4cf0-87fd-4242264ea5ef,ایرانی,
11460e48-4edd-4822-b2ee-02fc219e7cf3,ایرانی,
11f35a1c-ffc4-4354-b2f8-7c5391ba5a61,ایرانی,
129e60e5-195f-4ad9-8631-451026938fa4,ایرانی,
12fadb48-c060-4171-849b-f6649e08e67a,ایرانی,
13135d2d-a5f7-41bb-98b2-69c286212042,ایرانی,
131dc400-f03c-4e86-ae6d-67f942957676,ایرانی,
131eeb4b-9792-47c7-97e1-78167a683533,ایرانی,
1350f8df-30cd-498b-8111-640e110e03fb,ایرانی,
136b5891-1698-4b5b-979e-5b8c1cb43048,ایرانی,
13b764b3-273c-4ef6-936f-65f160bf5df9,ایرانی,
13e397c9-5498-4921-ab6e-4d3006577056,ایرانی,
13f09a6f-fb5d-44b0-8fbe-ac5a60185c43,ایرانی,
143eada8-38d6-4d95-9af9-fd9852143cd6,ایرانی,
1448dfd6-b307-4258-ae22-6b48df76c65f,ایرانی,
149574f6-f73a-4468-986a-88f75881025d,ایرانی,
14aa40c7-4b88-4be7-a72c-b1c3ddfbed5d,ایرانی,
1592bc59-4ccf-4c3b-bb5b-e52dff2a71c4,ایرانی,
15b60db7-c0f3-4445-973c-be43bdd640d2,ایرانی,
15faeb50-d8d9-477d-91a6-88225e0c1092,ایرانی,
1675224e-23a3-4f1a-8736-0412b2dd2091,ایرانی,
1732aae8-5c23-49a7-9170-a5559eb074bc,ایرانی,
17784c37-87fb-413a-8efd-225642ae68cc,ایرانی,
1792f601-040c-4fff-b5da-7e53b42ff1e3,ایرانی,
17c56945-8313-4c93-89f5-1e5a0a11b97d,ایرانی,
19092e66-d790-455a-a078-20d64fd59921,ایرانی,
194b876a-2c61-4978-83b4-522e4aafffdb,ایرانی,
199e9edd-0f12-492d-90da-c1ef37ea61ed,ایرانی,
1a73c16f-0816-4683-9b97-ef738b9d685a,ایرانی,
1ad53ef5-de1d-43e4-bf86-b641998d7a8b,ایرانی,
1b15fac3-f1cd-4059-b789-327383bc0f02,ایرانی,
1b24c68f-242a-42ed-83ab-9c1ea1d28479,ایرانی,
1b8eb5fe-5e3e-4bcf-a1fd-d8470eef11f4,ایرانی,
1c431bc2-3532-4993-b3e8-28a99fbc5317,ایرانی,
1c9d9b12-c988-4fdb-930f-e4f71c691eac,ایرانی,
1ce068ea-d1b7-454d-a14e-71c0e1dd4158,ایرانی,
1d49de40-071d-4013-974e-d186c01ca5df,ایرانی,
1d4b9a11-876c-48f8-8dbe-88b40ef7ffcb,ایرانی,
1db8d353-efc4-48a8-a188-b69ed6756260,ایرانی,
1dd93f6e-f683-4dad-9133-c76b9068961b,ایرانی,
1ddc7262-9072-4dff-be88-15503d797f1a,ایرانی,
1df81911-1b69-42a2-b528-537d8a9b2b11,ایرانی,
1dff0407-25d7-4267-959c-032d9430a226,ایرانی,
1e50c796-6c3b-4f93-8ffe-40d201d3add1,ایرانی,
1eb4c4f0-e1e0-4271-80fd-8dbd7449bdd2,ایرانی,
1edd38ad-4d60-40b8-9365-e18bb5949966,ایرانی,
1eed7a85-0d55-4081-a903-a641762c2600,ایرانی,
1f007775-2e10-437c-bdf4-fb4864777224,ایرانی,
1fa15a34-1999-4471-a06a-d959d91ebf6a,ایرانی,
1fa9ee89-94f1-4645-a55b-c77b14c1f857,ایرانی,
201920c1-a4f3-40ab-9775-5a7928d0ee08,ایرانی,
20220146-5488-4d2d-ab43-9dc1ad1f02e8,ایرانی,
20d78626-309d-4dcf-8245-c30fa6f5edd4,ایرانی,
21029a91-d83f-4af7-817b-55bfed7641bd,ایرانی,
2133f833-82cd-46fe-9531-e2ee0380202d,ایرانی,
21aa4fa8-2954-4709-a35b-a4f71c2b662f,ایرانی,
21b765d2-5f3c-4612-8f66-8b7d89c174eb,ایرانی,
21c017c1-d30d-4eaa-8f64-cc6d98e8c19b,ایرانی,
21e454ea-d5d0-4437-b4a4-68998e0f2f2d,ایرانی,
21f902cf-024c-4228-9978-9707d449a55f,ایرانی,
2267ace0-f8bb-4784-8a14-20179fb9514a,ایرانی,
22b56b0c-2d19-4601-b4bc-9d0dd51c9ba7,ایرانی,
22c37689-1171-4256-abbd-8fdf02a233d1,ایرانی,
22c9c529-34eb-4924-bc9a-a0ae10d5ae94,ایرانی,
22d20edf-84fb-4412-a8d9-25585f4d48f7,ایرانی,
234aeb56-4922-44bc-aec5-f4afe59f3081,ایرانی,
23b06f03-dc7c-469f-8b4c-898d5eb71cc6,ایرانی,
23eb58f2-60d8-4388-8f26-c12ded92d408,ایرانی,
24bf8aa1-24f1-4567-a1a2-93628ec7eb87,ایرانی,
24dc978f-adc6-4437-9d69-6ad16edf82c6,ایرانی,
24e37729-5112-4e18-8070-d9788e717a98,ایرانی,
24fc5b70-bd5a-4160-8d4a-042e4183ffab,ایرانی,
250148c4-6720-4b46-a75f-7f6e63c3e95c,ایرانی,
25021597-6f31-4f91-8f91-dc957f92f132,ایرانی,
256c90ec-07bd-4e56-adee-7c5411321687,ایرانی,
258b842b-79f1-4a9a-9a48-76b7c799928e,ایرانی,
2594d442-4563-47ce-b3a6-4b598f5982e1,ایرانی,
25afdcb5-2547-43db-82e8-f30ce5256da9,ایرانی,
261d7d65-dd75-45dd-9593-8f807c0d709a,ایرانی,
266c971b-0a1b-4bdc-ab8c-392a33edb16d,ایرانی,
26d55951-720b-4b03-baa7-7202421d8877,ایرانی,
26ff51d0-17ea-4de0-bec3-be802dd40e6a,ایرانی,
2711c478-2922-4e3d-b3d1-8d1493ea34ec,ایرانی,
27e5babd-305e-48a7-9568-ef39f54fc6f7,ایرانی,
28576052-cd71-437f-ac1e-3503ae9d0e80,ایرانی,
28a019fd-1df7-44ba-9f94-21c7aa3b5209,ایرانی,
28e5faa8-f7fa-4370-9456-a5349cf37f30,ایرانی,
2904d18a-0b31-4267-be84-057e15b19280,ایرانی,
29361536-a7f1-4ef2-85a4-c83a5e80f88a,ایرانی,
29855a15-b4c7-449a-b61a-47374abef5f9,ایرانی,
29866153-3f15-4e4b-b14a-bc0cd52cf158,ایرانی,
29868cc1-5f03-4bd8-926f-b029d5cffc1c,ایرانی,
29869737-269e-42a7-86c0-e86e914c7e7b,ایرانی,
2997e7ba-89dd-46c9-a1e1-c722e4a032cb,ایرانی,
29b1a3af-810c-4830-8bdb-161ba59ba364,ایرانی,
29bfceda-1f43-48a8-aa79-0484f31cb1d5,ایرانی,
2b01f2c6-c100-4c04-bd9d-311044410b7d,ایرانی,
2b76a0af-83f0-4b14-8d30-e31f016c707a,ایرانی,
2bdceed2-1709-4220-9e0d-529930fc1ad7,ایرانی,
2c3de1c2-916c-4b06-a403-3a2c6ba8b94d,ایرانی,
2c45cc9a-c106-4437-9291-f3e41ae68ddd,ایرانی,
2cfd3709-55bc-4a81-8669-5b3ca203a55a,ایرانی,
2d351b89-7bb9-41eb-9ad2-af8e180057f9,ایرانی,
2d5f0953-a190-482e-bce5-bb5b155477c9,ایرانی,
2d769c9f-dc4b-4f86-994b-5ba3a420ac54,ایرانی,
2dd07dae-292c-4112-aedc-f95db94fc13a,ایرانی,
2dd46320-42e1-4ee8-b17d-8727e5562ec6,ایرانی,
2df3c35d-1467-431c-8f3d-d3d68d2cb6d4,ایرانی,
2e12781f-a448-49e1-a37c-b7f0cd2bcf65,ایرانی,
2e61fe6b-8519-4fcd-af8d-248d97edd3b8,ایرانی,
2ec3932c-3764-402e-a6d5-8a19145c26d2,ایرانی,
2ee3c3dc-76d8-46fa-9d4e-fb1e7ee4322b,ایرانی,
2f06b42e-ade4-4e7c-97e0-f5faf99d1d1c,ایرانی,
2f10224f-fdef-4997-a360-c2bfd25839ee,ایرانی,
2f1e292d-507a-4849-9d4e-15acc46f175c,ایرانی,
2faecb14-afe9-450d-a483-bccb00d0b62b,ایرانی,
2fd1dddc-e82a-430f-8f5d-8f0723c0352f,ایرانی,
3047c9c8-466a-46d5-95ab-d5a799270eb1,ایرانی,
304affa0-f0dc-4ccf-8366-f0402bd762d3,ایرانی,
30620bef-e2bb-43e9-8418-c984b12a1a6f,ایرانی,
30ce8794-7fde-4a87-9554-1b06a1ee3435,ایرانی,
30e59407-b59d-4e61-bcb3-3ea6a73baa82,ایرانی,
315ce8b1-a888-4231-ab9c-ffc92482970c,ایرانی,
3172cf5b-130b-49a0-b6ee-90f2a84515c4,ایرانی,
31d05425-bd19-47e6-8307-d06935c2695f,ایرانی,
32195647-9447-49c2-babd-452753ea8a93,ایرانی,
32d3d746-6799-449f-8604-6add716f9a04,ایرانی,
32e227e2-0ef4-4bab-9cf5-f0842e0e894b,ایرانی,
331d34bb-c1aa-4584-8be5-ede61f59c976,ایرانی,
335cc195-c7b6-4f0a-8b53-3a95c68fbd8f,ایرانی,
33c6dad5-b609-4aca-ac94-8b661a664a59,ایرانی,
3429d4ad-0fd6-4ef6-98c4-96fac82633f6,ایرانی,
343ebda8-4566-4e55-9235-2767586927fa,ایرانی,
348a602a-70d0-4e02-8b05-5926eb03be80,ایرانی,
34b6d19c-182d-4e75-9e2c-ad268cca1c49,ایرانی,
34cd9498-25d0-4e7b-8749-888680db1af4,ایرانی,
34eb8d21-9f6f-41f4-ad56-dce613129167,ایرانی,
35528fb0-9c72-48dc-8d1d-9996b6296892,ایرانی,
35714a80-3840-4ec6-8f27-9093c7433935,ایرانی,
35fb5732-9e9f-444d-8117-18ce005f5e1f,ایرانی,
363c7127-b4d1-42ef-b761-a6e3f99e5739,ایرانی,
36431c63-33e0-46e7-aeeb-adaa0ffe3242,ایرانی,
36ee2231-6e06-44df-a767-dbe925f47f3f,ایرانی,
36ffecb8-d9da-4b50-9855-a3d29445ec9f,ایرانی,
3711752e-a991-40e1-b0ec-d955fe704413,ایرانی,
3735e46f-7cd9-45f9-b2a0-775f61710852,ایرانی,
377d1222-9714-4646-9558-649319fe33d2,ایرانی,
37ff23cb-7c0f-4461-99f5-6c1d74e7fabb,ایرانی,
383d2aff-e520-42a0-bf6f-d77af861959b,ایرانی,
3869d12c-5ed0-4e89-9961-03c0593fa38a,ایرانی,
388b36f6-4021-4800-90c3-f978a48326cb,ایرانی,
389c64fc-6742-4708-86d4-0763dafcb71a,ایرانی,
39452b86-bfbf-47d9-8d65-46ff27357a1a,ایرانی,
3945b275-50f8-47fa-a24f-fa1c6b58f21c,ایرانی,
394b4b87-ce30-45fd-880b-298d86cc84ed,ایرانی,
39aae72e-dd46-4911-9c45-e38bfd2276e4,ایرانی,
39ad288d-75fb-43ca-b106-5bf087bddad5,ایرانی,
39ba1f7a-37a1-4a44-956b-94f52ab5361a,ایرانی,
39beabec-b96a-4508-b34a-5675a7b2c757,ایرانی,
3a23617d-1661-4470-90ed-5c8724793ada,ایرانی,
3a25f283-d97a-477a-b526-233efbe54027,ایرانی,
3a6f7bba-7e5f-429c-9a00-d06884d121fa,ایرانی,
3a807c9a-f7b4-4e63-8f4a-548a36d304b2,ایرانی,
3ab347a0-1864-4998-9473-6c0d2162d3da,ایرانی,
3b0890f4-b7c1-4ce3-9507-db0a4d079561,ایرانی,
3b23e838-d2e5-4d54-94a2-d79ea1ce7aad,ایرانی,
3b3d1627-9c09-4f5d-94a7-7820bbe0f07a,ایرانی,
3b425294-5880-4679-99d8-b864760e5daa,ایرانی,
3bb52b61-e6e4-4189-8bf6-6504dc8c21d8,ایرانی,
3c5cda00-e630-446c-9160-3a82c1936af0,ایرانی,
3cbf24a1-ffbf-4ec8-a1a6-2cdc4c114fb6,ایرانی,
3cdc1d6d-c1ba-4e4f-8862-b3e4401a0164,ایرانی,
3cde6ae8-c760-4642-8c3c-948d15011154,ایرانی,
3cf8afc0-0931-4e60-ba02-fdc2ede5600b,ایرانی,
3d07dd32-a97a-4ccc-b3c2-e69ffb41fc63,ایرانی,
3d191e24-fc16-4399-92f2-01dc3d9d1a91,ایرانی,
3d28c249-7492-4e9b-b9ca-1de93b98a4a1,ایرانی,
3e299346-f2dc-4d4f-a320-be0c31ade604,ایرانی,
3e44024d-b0f5-4ec9-894d-6389e1d33a2c,ایرانی,
3e5e0bf1-cbc3-4148-bda4-977a9a446284,ایرانی,
3e75a603-25d3-42f8-9a88-6eaecd6e1e11,ایرانی,
3e76279e-cbfe-497c-b223-f3d347b7f688,ایرانی,
3e8b6662-d0eb-48d2-aa8d-74cc83d4b08f,ایرانی,
3ea10fd6-30d5-4b1b-9274-bf2c261321ed,ایرانی,
3eba1521-a30f-404f-9a8f-8079eb8deddb,ایرانی,
3f0bb242-458c-4d09-807c-ddca7f28ddc7,ایرانی,
3f15e46e-da48-4657-a92b-d7540696dce9,ایرانی,
3fee6da8-d47d-437d-ac7e-835c6b355297,ایرانی,
40062f3b-bd4f-43fa-a99e-62f20ff036e8,ایرانی,
401d1683-d952-48e5-a62a-21bfbdb3549e,ایرانی,
4021cdd2-d55b-4f20-b0ca-62d4b10e00aa,ایرانی,
40485c1c-e752-4510-84de-6738327db204,ایرانی,
40e990ec-e504-49b1-8737-6da3755e1766,ایرانی,
418bc9c2-1ce1-443c-91e2-27fb9683293d,ایرانی,
419001e9-ab9e-4f7a-a2d9-bc19748502d8,ایرانی,
419c7662-fae3-404b-ac9f-0d6cec90104a,ایرانی,
42345233-2304-4f21-a469-7aa061bc9f44,ایرانی,
42851c50-a414-41ea-89db-2a692f933029,ایرانی,
43630ff7-be2c-4ccc-8dad-fe808f9a3e89,ایرانی,
43882bcc-d437-46c3-9b44-7e14a8dd12d6,ایرانی,
43dfb18e-ced1-4c85-be6e-56c29dafc1f8,ایرانی,
43fed0cc-8d7d-4911-9f83-c2d4b436fb55,ایرانی,
4435be39-e59f-4f75-960e-a42e949d5cfe,ایرانی,
4485dee8-bca4-4f81-befb-512a307e8394,ایرانی,
4602524a-13ca-4044-8183-39dfb4786e6a,ایرانی,
4673c895-36aa-41e3-9c15-d71ec3c9c5af,ایرانی,
4716f64f-4284-4ee7-b2ea-a59fb7c5ce5b,ایرانی,
473f78b9-921f-4939-b111-c1fe5950049b,ایرانی,
47ebc1b2-0aff-4dd6-ad74-77a0180f0bf6,ایرانی,
4816d9af-0cca-4131-b3db-2d2573838da5,ایرانی,
48219cce-664c-481a-8c5c-6aaebeb8c638,ایرانی,
48be0cd0-a174-4dcd-a9b2-c271faa2baae,ایرانی,
49156af3-0638-44e4-a2b9-24adb17c5126,ایرانی,
4926728a-75ea-48ae-b731-f5c0c07b7374,ایرانی,
49435abb-fb38-4e3b-910b-740a0eadd21e,ایرانی,
4999a18e-ec09-46ff-9ccf-574c9d46c43c,ایرانی,
49d69245-e651-49d0-9389-ee7f9d89ff67,ایرانی,
49e4956e-2b05-4cad-bdf3-b1ae33ab4d72,ایرانی,
49eebf5f-6c25-480d-a874-1ccb21c909f7,ایرانی,
4a3fc002-301c-4b68-b5ea-0be755b38bff,ایرانی,
4a440c06-469d-41a8-9eab-6bc356cf5fb7,ایرانی,
4a7761b7-a7f5-46be-aedc-efd042aeffc4,ایرانی,
4ace038c-7eb2-4929-97d7-fe60ace87693,ایرانی,
4b41e9d7-a8cf-48f0-82d4-678ccd5b4e85,ایرانی,
4b41f9df-6927-45d3-bcb9-328751fc0dd9,ایرانی,
4b9d4bd2-ff65-44f3-aeb4-735ac4f3ac82,ایرانی,
4c0d448a-5977-4387-8ab1-965b11b4a4c0,ایرانی,
4c5ebd5b-f186-40e0-95ce-4968672ff831,ایرانی,
4c677c4a-0790-4ea8-b482-b59d187ffcce,ایرانی,
4c6f0bbf-05fc-451a-a8c5-c932924cc4c2,ایرانی,
4c9c48c3-a729-4c72-b3b0-8dd36a5ee8cb,ایرانی,
4cacae83-ce02-48bb-8fd5-8b8f573ca663,ایرانی,
4ce8d928-4ebe-41d8-8382-7437b2a5b2fe,ایرانی,
4d38f063-6a83-4363-bcfc-5a17fcd6c386,ایرانی,
4d8661e9-54a0-4350-a1df-cfb777cb8f22,ایرانی,
4df7f209-3883-47cf-8897-33b912322a73,ایرانی,
4e80206e-fd54-4467-83e1-db3924a84789,ایرانی,
4eee9ae0-7e39-4e57-80ba-31eb79009149,ایرانی,
4f35c028-dabe-4c47-8188-34bc26183e65,ایرانی,
4f3896c9-6407-494f-af44-c848860937b5,ایرانی,
4f62c653-4b81-4e3e-b26f-b727302057a1,ایرانی,
4fcb309c-6e34-40a5-987c-8ecb8efe23ab,ایرانی,
4fe00ac8-2682-4516-8722-46870f4b819d,ایرانی,
4ffddf66-d3fc-4a40-ab10-cc1393e2d8c7,ایرانی,
5006a03d-415a-4242-9ff0-bb50abc8a2c4,ایرانی,
501e37bc-2709-40ef-a83a-173523fa4320,ایرانی,
506f3851-5778-49d6-9c61-dabc2841896e,ایرانی,
507f5807-4d50-400b-abb8-37d1f37f3b4b,ایرانی,
50d97c4b-99d2-4490-9c29-1d3acd3a302e,ایرانی,
50fdf8d2-b4a2-482f-8c5c-8e88d0e2304a,ایرانی,
5134e094-fa7f-4e94-89e9-0d6b42bfc2de,ایرانی,
51396cee-6173-4bbe-abe1-d0bc0761d602,ایرانی,
515c57af-88cc-482e-b2b2-712a333f23b6,ایرانی,
51a8d376-db11-4724-acca-b873439879bd,ایرانی,
51ed606b-5eb4-4213-9a9f-f344f887c462,ایرانی,
523ca700-6532-44c2-8eb8-72d856d3afe8,ایرانی,
52bf0dcf-7b2a-417d-962d-97a77840f251,ایرانی,
52d004e4-e299-4a66-b10e-e78a2eb0b00f,ایرانی,
53f18e70-3ec3-4c91-9525-8eea7aafb11f,ایرانی,
540a2837-4fe1-4ca1-b6a7-3a9bc116fd96,ایرانی,
5445821b-3859-4307-9c3c-965208491305,ایرانی,
54c24fa9-ffc2-48ae-acc6-bbfc06e6efcb,ایرانی,
54c2efb1-f951-4ad7-a20c-a4493d54d26e,ایرانی,
551b2c68-6e31-44d2-86f0-fd3135e6bd12,ایرانی,
5571090e-35fb-4c11-8335-66827b616611,ایرانی,
55905d21-32c9-42e5-8cc0-05cc4366a893,ایرانی,
55cd2402-21f9-4df6-91cd-d92cea3df231,ایرانی,
5644470c-f99f-4058-a765-b88b1c24dd14,ایرانی,
56b160ee-2696-4915-aab2-6d8b8f0790dc,ایرانی,
56bba9f1-6e01-4671-832e-128a1e1d712e,ایرانی,
56d17e94-3fa1-40a6-8f09-36055b3d4171,ایرانی,
572d539d-9a52-4922-9e40-074a100e8669,ایرانی,
573cd3cf-f8a9-42a2-b3f2-28d3e876cfbc,ایرانی,
57a8b787-ee03-4f98-89ec-e54b2de5a105,ایرانی,
57aceb6a-b309-41ea-9f15-08150122d5e4,ایرانی,
57aeac8b-1c6a-4a88-8266-5e6d9e373eed,ایرانی,
57b506ce-62ba-4251-9e5c-69dadb8b87a2,ایرانی,
57cd791e-2275-44c0-ab11-664fb6af9618,ایرانی,
580880e4-61a0-4336-9fbc-f7714ac50c79,ایرانی,
58614f77-8c5c-486a-80c4-22bc228b4777,ایرانی,
58a23fdb-26ff-47e1-8c00-1f9e648db87f,ایرانی,
59321a98-56ec-45d6-b9fe-8f3be1ad15fa,ایرانی,
59e751fd-515c-42fe-b7f3-218065f5da76,ایرانی,
5a99f32a-93ca-4243-906b-4b2e27de025a,ایرانی,
5abd1275-b479-4f80-b20d-a0cf68053f68,ایرانی,
5ae37ca8-b295-44fc-8c98-d1c8b3929e01,ایرانی,
5af90338-56d6-4123-8298-2f3dccc70ab0,ایرانی,
5b0ea979-10de-458a-bf72-5827a9c39ed2,ایرانی,
5bac8e4a-7301-4bac-879f-d0d134175cd6,ایرانی,
5c02f8a0-803f-4c24-9ef2-b16de9c86b5d,ایرانی,
5c496d01-7a85-4efc-9e76-4641f2e361c3,ایرانی,
5c845570-6929-418f-a934-f0c78766adc2,ایرانی,
5cb9e06e-54c7-4d1a-904e-2d3c6a8c58d9,ایرانی,
5cc49b07-d5ab-44f6-ac25-6e543172600a,ایرانی,
5d18da1a-1975-47e4-bcd6-3a912536aa46,ایرانی,
5d585d47-5c3c-4af0-b884-178fa85b672d,ایرانی,
5d6805aa-e61b-467e-9942-cf870912204f,ایرانی,
5db86d11-99e3-46c1-b4ea-14756891094a,ایرانی,
5dcc83be-7928-48f9-9bb9-66b4eb2cc33d,ایرانی,
5e003ad6-9696-4fe4-8762-fb413ca7a553,ایرانی,
5e9e7da3-bd6e-4366-bbb9-1c8ae5eb7654,ایرانی,
5ed19b17-ecff-473d-91ea-e930e26434ef,ایرانی,
5feb3662-e196-4e2b-a636-7e8abe1a5daa,ایرانی,
600448a7-2efc-4b40-bf7f-fcbdac333323,ایرانی,
600f626a-c07d-4d7c-ba07-e42671daf9c3,ایرانی,
6019e824-2914-4d12-896d-750d1c4cbe0c,ایرانی,
6041f6f8-a088-4ff4-99c7-f22e649ebf74,ایرانی,
609172cd-eb00-44f1-b252-d5ebfa428172,ایرانی,
6114035a-ea33-4472-b9c9-62ef89e7b954,ایرانی,
61770e95-3f79-4dc3-a7b1-d071b915f71c,ایرانی,
61781b5c-abcd-48ee-9429-86de0e2a6e35,ایرانی,
6189ea50-de27-4ed7-9713-1f617bcdea10,ایرانی,
61e2164b-634a-49a0-81bb-a04c857d09e7,ایرانی,
62536775-531b-4164-b4f1-8494aec35885,ایرانی,
625ad661-77a1-4349-a5cc-3c1f7655edfd,ایرانی,
62d6eb0c-a65f-4f38-9443-7efdadafa487,ایرانی,
639ea976-c9c1-44ba-be6e-1972292f41ec,ایرانی,
63e035d4-d6d5-44e0-97e4-5e794e7f391d,ایرانی,
63f2eee1-fb9b-4895-b315-755692b52ae5,ایرانی,
63f39c59-bd4a-4b30-bdb6-60dc00315140,ایرانی,
63f7d9e7-a990-4672-9444-7b22e784c87c,ایرانی,
65138c20-cd71-4452-bada-2cdc951b81db,ایرانی,
661d26e2-5023-474f-bfc2-7f8ad84b9375,ایرانی,
66ce910b-81a4-4e82-9ec9-b744787c5791,ایرانی,
672cdd13-af9a-4bcb-9271-8738fa83ef2d,ایرانی,
674f6f27-da26-4870-8d91-4c897dffeccb,ایرانی,
67b33bd7-b48f-4920-98eb-6a4275f6de6b,ایرانی,
67b36347-3d20-4d86-9764-867cccef8ce8,ایرانی,
67eab33e-e6b6-4c5f-8c49-10640245e630,ایرانی,
681a2a83-2bfa-4802-88d2-cc0802713229,ایرانی,
684fe495-1eff-4d0d-9d4a-da97d982f338,ایرانی,
68ab8d12-aa89-4d85-904d-022c6fe6e139,ایرانی,
68c06fdf-dda6-43d0-9310-5a968e20b77f,ایرانی,
6957b6f3-e8d6-41fc-977a-78466f348718,ایرانی,
699805ba-1f3c-4a5a-a83f-81e5128bcc96,ایرانی,
6a0024fa-1767-4de8-9310-69a120b1c292,ایرانی,
6a1c7b1e-01ad-43b4-81fa-31adda8d15d6,ایرانی,
6a216aec-58a9-4513-a446-3659d712ce82,ایرانی,
6b0abefc-b36d-4b05-988e-cd0c76fd2609,ایرانی,
6b7c221f-ac6c-4cda-900a-f187573cb1b4,ایرانی,
6bb0f421-f796-4e61-ad2f-fbee59a90e8d,ایرانی,
6bbc6ac5-2fc6-4d52-a0e4-1111b921a31f,ایرانی,
6bd6f633-961a-4357-aef9-eef7b8c4f014,ایرانی,
6bdabcbe-6565-4ec3-b75a-f3737e4a2db5,ایرانی,
6c189796-6158-4194-b13a-f415e5142730,ایرانی,
6c50adb9-ff0a-4f62-871c-ea09d56a3a38,ایرانی,
6ca04dcf-f86b-4fb1-8a0c-a3ec99b3e794,ایرانی,
6cadef7b-8200-4290-8c1b-574a4f7a950c,ایرانی,
6cc47fae-8127-45c1-8a13-e59f0bb5ce76,ایرانی,
6cfe5085-582c-44e7-90a9-2de534769907,ایرانی,
6d1e918b-c816-407c-8076-45efe9bb8f54,ایرانی,
6da2395e-0a1d-4201-b745-182ba716b209,ایرانی,
6dee9907-883d-495c-887a-5d808f286479,ایرانی,
6e81f30d-82cd-4985-ad72-6542d23d276f,ایرانی,
6e87b5ad-1639-4fba-9588-97121d36066c,ایرانی,
6ea4a31e-fda8-4f9d-b225-026969518f35,ایرانی,
6ec507d7-fb0e-436b-9ef1-65931629dccb,ایرانی,
6ed54fe2-bbd0-4fc4-a449-91802fb78d49,ایرانی,
6f2d5c49-11ea-4bdf-ab58-d32b526a9d37,ایرانی,
6f5c30cf-db57-41cc-85d6-07ac2e906e13,ایرانی,
6fa35874-b99c-41a5-bc15-bfe9aed0ecab,ایرانی,
7007297b-bef3-4a22-9191-09f8394234f6,ایرانی,
702fcc52-e794-47c4-a754-b7d003c99095,ایرانی,
7049291c-6b2b-4267-96ec-1e0a3d4223a9,ایرانی,
7070f05c-a083-4347-905e-ef326aec6af5,ایرانی,
70a0c9d5-48e5-43f0-bba0-0502c206ab3d,ایرانی,
71416165-09d7-4658-9397-198646a659b4,ایرانی,
71d8d079-51d6-40ad-929f-0a73cecad260,ایرانی,
71db3b0d-293d-4fa0-bc5a-347aaf87c689,ایرانی,
71ecafbd-cc48-48fd-8140-c1486b766c31,ایرانی,
728e6ccc-67d4-4acc-864b-ac29e2861572,ایرانی,
7339d7af-e9b0-4561-94a8-78c065467494,ایرانی,
734b9db2-ceff-44e2-850a-0ee1835b3bfe,ایرانی,
738539aa-ea43-4ad3-b717-9757d2f5404c,ایرانی,
739083ce-8c03-461a-83a0-d51b368cca83,ایرانی,
73df0f3d-41ea-4f09-a1ab-f4f434e8813a,ایرانی,
73e1896c-05cd-4640-bfca-53e5cbc22bf0,ایرانی,
73ff00d4-6519-4bd2-b6cd-b141d6747c77,ایرانی,
748c8ad3-9b00-448a-bce2-3ee9e94ae0a3,ایرانی,
75669e6b-660f-438b-912a-c00caa4f5e92,ایرانی,
7594022b-c528-489d-9ef2-8401be3c0927,ایرانی,
75963d52-5ddf-4805-bac1-006e69fa5966,ایرانی,
75c1a1ea-8498-4b8e-b946-8fef9ac81ab7,ایرانی,
75e365bc-38eb-482b-b3d8-03c9ed771073,ایرانی,
75f80798-c1c2-4bd2-b90a-54775be49fe6,ایرانی,
764791ad-c266-4cef-89b5-693e92bb1839,ایرانی,
76789266-1473-4b77-b289-137ab7a2de9b,ایرانی,
767d4dd7-c9d7-4922-af5a-7aec0ee6d1aa,ایرانی,
7731c58d-b505-4391-8643-de45cd43121e,ایرانی,
77852d6a-54de-45ce-9b87-b5f188ab37ed,ایرانی,
781185fb-f197-448a-aa65-16729ef96235,ایرانی,
783b3990-0870-4b5f-9f8b-62ce77ed0acb,ایرانی,
7860efc1-fb94-49af-b4b3-54ddfd149111,ایرانی,
78965e60-9056-40b6-b65d-7f21e45c0258,ایرانی,
78c65a57-09eb-43b8-be01-81aaaa697550,ایرانی,
78fc6c7e-1b0f-48ad-ab10-f1247061acdc,ایرانی,
799044a7-48bc-4960-b5ff-2f157f8a6126,ایرانی,
7ab81612-737d-475a-a4d8-784758db193b,ایرانی,
7bc35c47-674d-4551-999e-8cc3e403cb24,ایرانی,
7c8ab069-b78b-4e63-ac1e-f853d28f1046,ایرانی,
7cc5fd0e-a55b-4f9a-b926-30a91e6bd8c5,ایرانی,
7cd8f06d-f9b7-4c5b-9cad-96dbc9776564,ایرانی,
7d975a49-54ff-4015-b92c-01dcae0d8ba8,ایرانی,
7dd135ea-03cf-4b4d-a661-fa182ef6f15a,ایرانی,
7e11a9f6-07e4-4f93-ae0d-75a8438f29dc,ایرانی,
7f1732dc-1db3-4ad1-a7c7-30fe56171810,ایرانی,
7f30efbd-91ac-4caf-ade6-7128c95236f9,ایرانی,
7f5e9017-dc60-4371-b2f3-b8f9b295a0f6,ایرانی,
7f9a95e9-9fa1-4f7f-ba1b-deac03d8f28f,ایرانی,
7ff85d08-05f5-48d6-abc0-5e07587ea146,ایرانی,
800b2de2-1408-4b32-8d78-bf23f6326cfa,ایرانی,
8046f6b3-eb5a-48ac-b643-1237aa91926e,ایرانی,
8086a223-21dc-4ff0-bf97-dda2966e16a2,ایرانی,
80ceca33-cf47-42bf-9908-3a7383ae0c5c,ایرانی,
8193777d-44d2-43ca-b22e-67e3f42a6260,ایرانی,
8213947a-4997-4975-95d3-e959df79b1a4,ایرانی,
8245f6fe-b3d1-4a89-b2ad-6ec51587a5f8,ایرانی,
83ae6645-e35a-43c5-b2a2-b029eca22fd4,ایرانی,
841de3bd-899b-4dae-bdc4-1b36c8339743,ایرانی,
84dc8521-41eb-4352-9437-1bbc79023de0,ایرانی,
85eea745-d909-405a-8fe3-1fc94adb1206,ایرانی,
86360330-a642-4cc5-bfb0-d31b1a7fa44a,ایرانی,
86b04e74-e063-4133-8574-70bcb0b58207,ایرانی,
874f4eff-eb34-49d0-8813-4170bad1ca84,ایرانی,
8753a619-a084-4b9d-9730-f25cd31d190e,ایرانی,
87e511df-de6a-4558-9fa8-f4cc02229faf,ایرانی,
880aa7f6-d80f-4365-8655-10389dcec2db,ایرانی,
883c094c-91a4-4266-8f92-96eb7c62f45a,ایرانی,
8877adbe-ce55-437a-ba88-ab0a0150c0f0,ایرانی,
88a7e8c1-3c52-4a9b-b348-1a958eaa5928,ایرانی,
88f7c310-f989-4874-b041-f2f8eba2457e,ایرانی,
89612cf5-3ccb-4a09-a45f-bcb08693925d,ایرانی,
89b7f956-2f99-40d8-90ae-5a2875b4defa,ایرانی,
8a379724-a45d-4f9b-b93e-e2547cf9e257,ایرانی,
8a44d9d2-554f-420d-b51d-1af80d1ac962,ایرانی,
8ac0edcd-6657-4491-9499-820c467b7909,ایرانی,
8b404206-f107-476a-bb1a-0d172c6ce049,ایرانی,
8b540ecd-76f6-4932-ae33-deb19be2e64c,ایرانی,
8bb4a456-8e3b-4865-a372-3cf022b7d258,ایرانی,
8be33ea1-2f1e-4674-8afe-11ddfa8e949b,ایرانی,
8bebd11c-0006-4598-a792-00b8e15d87e4,ایرانی,
8c0a9e40-482a-4e8b-81e5-14c593e1d2cf,ایرانی,
8c1b1144-30f5-417a-9f89-626f2b77e3ed,ایرانی,
8c46a042-e36f-46f8-ba5d-fd38582e4d3a,ایرانی,
8c71dcec-d6ce-4a90-b27a-4b4a9ace6dc9,ایرانی,
8c76d0f8-315e-4e4e-997d-458473c89b05,ایرانی,
8cbb3340-58d9-4d22-b894-9587a870b922,ایرانی,
8ccfd5d7-6d9a-4c1a-b28a-7cddf66ed44d,ایرانی,
8d09bad9-df97-4f14-8cc2-12bfea3f28b8,ایرانی,
8d191762-c6fb-43aa-b431-546ffe284d64,ایرانی,
8d5b71fd-8f70-440b-bf71-2c957c8d827d,ایرانی,
8d61dfbd-48df-4812-ac10-fceef543dff8,ایرانی,
8e4b43a8-4840-447e-9b13-f35c78260cc0,ایرانی,
8e97948c-e627-4f09-a654-9eb42db97e49,ایرانی,
8ebbfdf5-f975-439e-b7b1-580f379477bb,ایرانی,
8ed11b72-b458-43db-b7de-37012eee4a92,ایرانی,
8ef9e15b-df7e-41e1-8a17-718ff686b3db,ایرانی,
8f7c48ff-edf7-4b0f-8ae4-4fbce7c868c3,ایرانی,
8fe03adb-c06b-45ed-a5a2-3e22d431e00f,ایرانی,
9002db7e-bab6-41c2-ae59-02f5be650b37,ایرانی,
901a785f-3541-4fb0-8a39-934a40984c33,ایرانی,
90aefbeb-eb32-4dae-9243-2af2d8ba2472,ایرانی,
9132956f-3d45-4c43-8a01-c518d1fd2a96,ایرانی,
91871721-1e3f-4e6e-9b5f-a6a82dfa8aa6,ایرانی,
92f0a5d6-6f49-4a26-be85-45f4603c3f78,ایرانی,
936880ca-3a9a-42f7-b690-5985aef40d86,ایرانی,
936f7e1c-a190-4423-97e3-3d4eee708274,ایرانی,
9374db86-45cb-4f85-9607-334ba3d8f218,ایرانی,
943f89ab-e037-4039-9c07-0426927e551b,ایرانی,
94c5aca7-197f-4fdc-9f2f-ccc58b726aed,ایرانی,
94d06eb4-621d-4233-bd32-ded39f8eb52d,ایرانی,
95187065-e26d-4e9c-9fe0-a2dcb07d520c,ایرانی,
9526086c-f4e9-485c-9863-747e77d369b1,ایرانی,
9569afb5-4bf6-438f-bca4-dd01446322fb,ایرانی,
95abd81a-6643-4bdc-880e-626957764a8f,ایرانی,
95c8d505-a51c-430d-acec-bf3f41e62f2a,ایرانی,
95e4445c-78c4-4d0d-a637-0eddf52cd1fc,ایرانی,
95f18d03-9a27-4ac3-948a-03e215a8ebf3,ایرانی,
9642cc7f-0b12-4124-9172-f0b0e757488b,ایرانی,
97049162-28ac-41db-876d-04fca7c53a11,ایرانی,
97423b5b-5bec-41a3-8552-ef80ad107f67,ایرانی,
97cd0329-f040-4ecf-b766-e6cd4842f5c0,ایرانی,
97e045c8-6468-4dd0-877a-cedd38ce03be,ایرانی,
981d61ae-c6e4-4377-adaf-c2b3aec837f6,ایرانی,
993a429a-88e3-46f1-8656-a9ed75c87af6,ایرانی,
99981808-33b6-4178-b15b-f7637423b444,ایرانی,
99c8aeed-d84e-439c-82ec-2831307ca7ce,ایرانی,
99d7ca98-e12b-43d3-8369-2027744b6413,ایرانی,
99eda3bf-debe-4ca3-a42d-a5582e1ae75e,ایرانی,
99efea0e-d78e-4dc6-b597-1d45fd2c12e2,ایرانی,
9a62b8ee-3405-4305-ac25-7a18df135679,ایرانی,
9a6ad261-e638-4dd4-8d3a-3032b21d16d3,ایرانی,
9a6f0b81-376d-4ac6-8a30-24edb54503a8,ایرانی,
9a74b968-287d-4ea0-813b-4d7ddc0247ae,ایرانی,
9a9e486c-af98-43fe-9f61-f6c50d4217b2,ایرانی,
9ae186cc-18f7-46c1-bd87-bba85e80530e,ایرانی,
9b066f47-6f9c-4a00-9282-ffc99d594fd1,ایرانی,
9b192066-a73a-4d8f-95e6-b5ab4d962013,ایرانی,
9bd7d6f1-6401-4c3b-908f-e6283a9ccf8b,ایرانی,
9c15cee4-1525-40b9-9550-9d1cc02b0c4d,ایرانی,
9c4a521a-387e-4e11-bd2f-9f1f7ca2da18,ایرانی,
9c6847e1-82c6-4096-96f8-06dde12ca8a2,ایرانی,
9cc8e1e9-790c-4ffc-b035-34c788cf4c63,ایرانی,
9cd464f0-268f-4930-ab3c-273e6e7e7133,ایرانی,
9ce26991-6e6e-42eb-b1e0-ee8744635e03,ایرانی,
9d2fb7df-35d0-4266-8922-0ea4494b7acf,ایرانی,
9e0b94ef-f08f-46b0-972b-c9ab780f0841,ایرانی,
9e29b1c6-a665-4e72-aa57-a7765a3af002,ایرانی,
9e734af4-1455-4180-99fb-1ad0d4fc1be5,ایرانی,
9e890ceb-e3f6-4fb2-9673-f2b97a1a9838,ایرانی,
9f24cfad-42f8-486b-a44f-8aa649a30ac4,ایرانی,
a0000006-0006-0006-0006-000000000006,Iranian,250000
a0000007-0007-0007-0007-000000000007,Iranian,180000
a0000008-0008-0008-0008-000000000008,Iranian,200000
a0000009-0009-0009-0009-000000000009,Iranian,220000
a0000010-0010-0010-0010-000000000010,Local Gilan,150000
a02dd0a9-4f30-4e2f-ba58-13204cb41571,ایرانی,
a0442042-5d2e-4088-837c-26f95bcbb42b,ایرانی,
a0dfa644-5c16-46bc-a4d4-d726f0dd9630,ایرانی,
a107889f-d40d-4857-9678-784be62a2021,ایرانی,
a10dd812-442a-4595-a054-930e8fa9345b,ایرانی,
a14d47ba-83c6-49cb-a221-49b5c319696b,ایرانی,
a15796fc-7b3c-4f99-8a30-98b91d625f69,ایرانی,
a20011ce-7604-467f-bfbd-db98f3ace453,ایرانی,
a29c9a5a-95ab-4202-b82f-d14cac33852c,ایرانی,
a2fea1a8-12af-4fe3-bf24-a966cacddf03,ایرانی,
a301613d-f050-412c-bf4a-e1db84f89995,ایرانی,
a3597f21-d285-4441-bea8-1a135522b8b0,ایرانی,
a39d318f-3e90-4dcc-8c3b-4ba22a56e0eb,ایرانی,
a3b3b1a6-bc71-40cf-b65b-f466e0b3a8db,ایرانی,
a3d74360-62c8-4011-b9cb-b7063407c8ef,ایرانی,
a558fab2-96e4-4c11-820d-87d84f5affd7,ایرانی,
a5a05138-cacd-47c2-a0ab-d65a91f9e857,ایرانی,
a5fbcb7c-68a4-45f1-a711-c5d41a8c2b59,ایرانی,
a6137116-7a42-4d72-9f87-d20e43b9d3de,ایرانی,
a656d9cc-31c2-446a-9666-5746e4ee74a8,ایرانی,
a6d296ab-967e-40ff-818e-dd2ed28f073c,ایرانی,
a71e4896-a311-477a-b787-b3d9a253aa17,ایرانی,
a73795ff-893f-4b2b-aaba-633d53068dce,ایرانی,
a76f55fd-ce7f-4071-9a71-ca3f91f8e743,ایرانی,
a7744675-05a0-4ea0-9f17-2ee1a8f4d682,ایرانی,
a79a65a3-5684-4ceb-a4e9-dbd9443f53bb,ایرانی,
a83c5527-8bad-4b6b-baf0-c9deb59d1967,ایرانی,
a8660774-a436-4075-898f-83cbf0702652,ایرانی,
a868b86b-0f8a-4c40-aa9e-22cb207d43f4,ایرانی,
a8de1131-171d-4c71-9dd9-64914a55c4c7,ایرانی,
a8f77fe0-6c5d-4cc5-8e35-492cc3747214,ایرانی,
a92fab33-b1a5-420d-96d6-9632dc4dcb36,ایرانی,
a946d355-0ff2-42f0-ade9-4cb6a12ec659,ایرانی,
a94f9081-b7f6-455f-b528-d396a07e9820,ایرانی,
a99fe189-183d-458a-8b50-64cf305e018f,ایرانی,
a9b53383-4b50-4585-af9e-1387434321d5,ایرانی,
a9d12e87-9f4e-4bf7-882b-d6b6bb5d0bff,ایرانی,
aa28abe2-ae74-4eb2-826b-3d1810c6b311,ایرانی,
aa459561-44f0-4c57-8c68-bca616503024,ایرانی,
aa52316d-0cca-4c8b-83b0-720da37da843,ایرانی,
aa69f159-be5d-40f4-b413-04df3569f726,ایرانی,
aa705453-f383-4650-812a-f27dd4b1af28,ایرانی,
ac412bb4-a09a-4874-b416-9940f997d811,ایرانی,
ac436c41-32dd-4d31-9a94-c71c97ef4c78,ایرانی,
ac80a9db-86e2-4b9d-a6a8-6fd60b06d5a6,ایرانی,
acdcda4c-3dfa-42e1-bc48-d8a82bca6c66,ایرانی,
ad2f0b11-5d58-4eb1-9e2e-65c8769f0b0e,ایرانی,
adda37a6-a0ef-49ba-b2c1-89cc3364cd86,ایرانی,
af83bdb8-abcb-4505-94b9-3e2cf1f29bfc,ایرانی,
afc78484-19af-4122-94e5-c09f960bf837,ایرانی,
afd2454c-e5fd-4711-bf9e-09a8f0158d88,ایرانی,
afec6ae1-312e-4e23-adf0-cf81585d487e,ایرانی,
aff13fcc-e201-4bf8-906a-099741adbd46,ایرانی,
b0aff560-e9e3-4dd2-9157-cd6d6d768b04,ایرانی,
b0b529f9-5f85-4b47-8530-79c3901d2fb2,ایرانی,
b110698c-52f8-4d2d-b0f0-98a126c6a8de,ایرانی,
b19f65c9-ef3d-481b-9221-4cae5e8440f7,ایرانی,
b1d49a36-fd45-4700-b303-56a5143deabb,ایرانی,
b2126404-d619-4939-b381-7a04e80ce07a,ایرانی,
b21959aa-3b64-4119-8362-23dd87303e16,ایرانی,
b22ec79c-59e9-4159-a891-4036a2f99128,ایرانی,
b245c1e6-ae9e-4c21-9808-f744089b6f57,ایرانی,
b274bf00-b3b4-462a-b290-2a0e5d30e371,ایرانی,
b2c91db8-74ff-4bc1-9c21-4d6ac91782aa,ایرانی,
b34b10d9-590f-45e2-b3a4-8ad6ee2fd5c8,ایرانی,
b390f88c-9d63-405d-8c66-820abd9024b1,ایرانی,
b48778ab-b806-4783-a7b5-cb029c67ad01,ایرانی,
b52cbffd-4c41-41e6-9241-80c43ec5c2f8,ایرانی,
b53313e9-d4e3-40d8-96cc-9b52762130eb,ایرانی,
b553254b-bcf2-4ad7-94e8-1a7159dfea3f,ایرانی,
b5b868c2-18f9-4039-b5cb-e6a996b344d1,ایرانی,
b5e7079b-e440-4882-bc76-f58e1c8f6982,ایرانی,
b65b9e63-5e05-4aae-95b9-aabf91d44251,ایرانی,
b6f1b5ad-0891-4700-a0f4-b8e303997de9,ایرانی,
b7002549-366b-4071-bfed-72811076bb62,ایرانی,
b741662a-c58b-48a6-81aa-21733192645b,ایرانی,
b74d77c6-35ac-44d6-a6a7-e916430b2dc2,ایرانی,
b772c670-0f80-4c30-9ec9-526ff3725256,ایرانی,
b7de3044-7774-4fbf-bdca-6863e0acab09,ایرانی,
b80e0fd2-82a2-4f62-aa35-9320f4d819be,ایرانی,
b88311ce-d713-4fb7-89ba-098cbff2d829,ایرانی,
b950882b-2322-4acc-8fe4-c8398ba06806,ایرانی,
b9695641-ec21-4fe8-9c26-64740afbe804,ایرانی,
b97c2157-1d2c-4b4d-8f62-25604a3bf1ac,ایرانی,
b990734d-dc27-43ca-a6bd-69197800c099,ایرانی,
b9be1907-f861-486f-a80f-1ecfe18d85d0,ایرانی,
b9c69ab9-7a61-47f0-a963-ebb497f5da22,ایرانی,
b9d03e74-2235-4104-9aed-340578935bfb,ایرانی,
badd48c3-e611-42f7-be13-8e8eed58980e,ایرانی,
bb200793-5b03-4af8-99df-342fedcb20e7,ایرانی,
bb3e91b4-866f-48d8-b4f4-a786af697e3a,ایرانی,
bb7f3ff6-d982-41f8-9287-ca454331db36,ایرانی,
bbaf15b5-fb1e-4dc3-93da-6b84e42a63ab,ایرانی,
bbd76673-b9e4-45d5-8844-d96ddc05f69a,ایرانی,
bc64eba4-1851-4a18-9155-f27c12cad55b,ایرانی,
bc7c1551-8fa8-4b32-94d3-d8308bce59c7,ایرانی,
bc8eaf20-37ec-4362-bbe9-3a378f30ec44,ایرانی,
bd829649-1098-48bd-8fb4-8efec816304d,ایرانی,
bdbcab7c-9f0b-46fd-906c-71b90bfef5f0,ایرانی,
bddcd1cf-e45c-4da0-808e-b775874ee16a,ایرانی,
bde5aa1a-9d8f-458e-a920-f4bf70119144,ایرانی,
be8a070c-4e5b-4218-8aa6-ac81c06ae170,ایرانی,
be9d0248-641c-4503-b206-264fc38f8c2e,ایرانی,
beb9c2ec-b46c-4aa1-8b16-5ecd726500ea,ایرانی,
bec7c905-77bb-403b-b1ab-0aa34f828762,ایرانی,
bf01228f-d915-43ad-b2d0-0f744bda779f,ایرانی,
bf6342a0-e26f-4871-916e-722ed896d932,ایرانی,
c07800fc-0aea-4bc6-b6c5-898739293d04,ایرانی,
c0c95a09-39ce-49a0-8666-6091698f6f16,ایرانی,
c0e2a3bd-46ca-49cc-9a8b-f2e22890a2b5,ایرانی,
c0f51273-2b31-4ab2-bf41-a0f4ae5bad5c,ایرانی,
c1b2582c-f493-4de6-bd35-b59b9e39d599,ایرانی,
c25c1503-0179-4e27-acba-baf1ccce5632,ایرانی,
c265910f-b413-48b7-827b-640f7d45217e,ایرانی,
c2a2c3bc-556f-4f41-a586-96ceaee1dbb5,ایرانی,
c2ea78eb-e58d-4e61-88bf-06e0cda32cb2,ایرانی,
c33a6e21-a4d5-4b3d-905d-b865ebebba5e,ایرانی,
c390272a-4ddf-406a-aae8-1792db13ce1d,ایرانی,
c3972798-ce31-4c13-bf13-8afd7b9e9c1c,ایرانی,
c3e83b84-481f-41c5-978a-2cabed2f0cfc,ایرانی,
c3ec31f2-9801-4548-b849-68bef8b8116e,ایرانی,
c4a701d8-df05-4b44-b99b-8f58d271a141,ایرانی,
c4add88f-6386-4612-beeb-b076d8daceae,ایرانی,
c4bad40d-8c1b-49af-96f4-e92e596e06de,ایرانی,
c544659c-f4f6-4d0e-bc58-a623f0676f03,ایرانی,
c56217fc-71a6-479a-be80-28bb6747f018,ایرانی,
c5a1c735-e82d-4e4f-81aa-5fd57e4bd691,ایرانی,
c5bf6042-0b40-46d0-9884-541d3e518d9f,ایرانی,
c5e9c3f9-3a24-4337-9eb2-3bde9e9fe515,ایرانی,
c65bbb69-5851-4d21-a5f5-7b523837c8cc,ایرانی,
c682a7d3-a855-4ff1-961b-046556b0af0f,ایرانی,
c6e15c3b-9f8c-4f4a-adf0-5eb1611abc4b,ایرانی,
c7410f86-955f-4d10-b22f-8b764343e7bd,ایرانی,
c7547a13-6260-4b3a-b61b-cc7e7e712db3,ایرانی,
c75ca14e-8779-4668-bd8b-1ef9dec41d15,ایرانی,
c792511b-d314-46c2-900c-e8ba79e5f85e,ایرانی,
c7e47dba-cfc4-48cc-a804-7a73d9287c26,ایرانی,
c81e316a-e48e-4f9b-8a91-63498dce18b8,ایرانی,
c8355c6d-fadf-414a-ab3a-68e2e489a342,ایرانی,
c84168f3-7440-43f7-9356-ecd771dbea6a,ایرانی,
c8423d5d-3150-470b-9b33-41b37f88f033,ایرانی,
c8536d11-974e-4ea5-b0fe-380f63e4bc34,ایرانی,
c89b6fcc-f702-4760-8636-ca8a5676a85f,ایرانی,
c8c80925-d94b-46b8-b3d6-60aa59f0f144,ایرانی,
c971520e-9f37-4dd3-a442-234f0a492eee,ایرانی,
c972abc8-ceb3-4c4f-a9be-f21cf2fd1a07,ایرانی,
c9bd9ed1-200c-40dd-aa07-94beb1164c4f,ایرانی,
c9deac1a-55a3-461e-9c7b-a2809d499148,ایرانی,
ca0cf9b6-ab25-406c-aa88-5c0c28096847,ایرانی,
ca663289-151f-4b9e-a463-3598f75b0217,ایرانی,
caed2f69-40c6-4a99-8312-6f51ead37d7d,ایرانی,
cb0eb65d-0b4e-48f9-996e-c55a25f01411,ایرانی,
cb2bec71-d630-4da4-a88d-d13d819ebb08,ایرانی,
cba9899b-ba8c-4a03-89fa-03e63d8f36e7,ایرانی,
cbd51b03-3454-42ac-8826-411cc7786037,ایرانی,
cbf9a0b0-76f6-4c8e-8224-1fd5f99e45b3,ایرانی,
cc1b0f44-0424-4364-831a-34eb6d89b597,ایرانی,
cc3cf19c-6d16-4c02-bee0-2c4e1225c45b,ایرانی,
cc66ccb1-5281-493d-90ea-f137b9ab0e5c,ایرانی,
cccc4015-f2ab-4b0d-892e-447ece40508c,ایرانی,
cd0b921a-0d1c-42c7-8a0f-dd8859009caa,ایرانی,
cd0c0a9a-a94e-4c2d-9b62-6d0ba6521758,ایرانی,
cd1d29c4-a6af-4664-9760-fd4f5ae8ecf1,ایرانی,
cd278322-07f8-4b98-ba33-8314ff6f1cb9,ایرانی,
cda5085a-ad01-4ef1-b016-20674bce5c7e,ایرانی,
ce12cd5b-2cb3-428b-bb34-e7a8e2eb3b2c,ایرانی,
ce24e663-beb7-4ac4-91c4-56bc3e9908f3,ایرانی,
ce5ce61c-daaa-4416-be00-4cae8c7de296,ایرانی,
ce810594-6017-4cd3-ba2c-28edcd3295c5,ایرانی,
ceaab204-434f-413f-8e4b-75e3259d0acd,ایرانی,
cf6d5e9d-2228-481d-a23a-d3df57ab62dd,ایرانی,
cf77bd7c-61b6-4995-b39f-a6d41a3c0208,ایرانی,
cf7d1d06-6582-4b88-bcba-e966fe00debf,ایرانی,
cfe84f7f-12e1-40ff-92fc-e93616f077d4,ایرانی,
d0144702-c073-4c55-9cda-48d72eb9c736,ایرانی,
d03948cb-0737-44cb-b7e3-7724ce6c20dc,ایرانی,
d0c6b63d-e7cc-406a-b17d-3f0898873eb3,ایرانی,
d0cf8956-cb1f-48f9-b5c3-49d297d45cf1,ایرانی,
d11a9546-ada5-46c0-b13d-3ff252b490ed,ایرانی,
d154121d-74c8-4b51-8ecc-d193f3d73ccc,ایرانی,
d17dd43a-9c79-43e6-9bc8-ec1a1e491c93,ایرانی,
d19e13b7-37cb-4944-9fa2-0b4addd100cc,ایرانی,
d20711aa-d2af-4135-ae22-f83c3c4e8e50,ایرانی,
d20bb914-90c4-471a-b5e2-d8e9e61f735c,ایرانی,
d20e1519-932e-43f6-a0c1-158817b522e8,ایرانی,
d2253f52-5d6a-4995-80c4-bc78dcecf95f,ایرانی,
d243f90d-4342-49a6-a3ec-f02f3705849a,ایرانی,
d2474b46-2e4a-4b03-83d8-6248793aa12d,ایرانی,
d27210cb-ffa9-4353-8568-249e91bffb0e,ایرانی,
d2f6c33b-288b-45c9-ab62-1d4826f3c460,ایرانی,
d3106906-1682-491c-8747-9f490e38616b,ایرانی,
d35baa6f-bb69-4ba5-bdc1-7601e92f15bc,ایرانی,
d39d8a38-54bb-4f80-9b15-b8b1cb941a39,ایرانی,
d3a017f7-9dd1-456b-b0d2-4f48fd67e733,ایرانی,
d49de313-77cd-42f0-9e8f-a414dbbaaa11,ایرانی,
d4df69ef-2c2d-4c62-ab5e-6de492964d83,ایرانی,
d4ed9f02-8f55-4c15-a705-f0c9658d6ca2,ایرانی,
d51a0550-b195-43cd-984d-10ab24b160da,ایرانی,
d52c4b7e-1392-48a6-bd94-a9fbc39aede0,ایرانی,
d5a2a655-32ed-4a0e-b06c-ef935bedb1cb,ایرانی,
d5a35cbc-b85c-40ff-92bd-67c0ee91bcb0,ایرانی,
d5de9d07-6874-411e-bf37-9e826d9a22b0,ایرانی,
d5f16c20-cfb6-4c1d-81d3-a300519afbd0,ایرانی,
d6031fef-b36c-48bb-9a5f-58d6e16e2e07,ایرانی,
d62983e6-a16e-4574-8048-a9fe01d94687,ایرانی,
d69e2f87-7910-49bd-a53f-2e62176d6600,ایرانی,
d6e435ed-6c5a-4f31-ada2-493b9fabb385,ایرانی,
d6fc4921-854d-4430-8529-1063ede49bf6,ایرانی,
d6fd1563-801b-498b-84c4-59e7d7df8a80,ایرانی,
d83c8928-aa66-4b83-8925-60808860c73c,ایرانی,
d88cd91c-9424-4d97-850f-5b981705591d,ایرانی,
d8aff1e2-4fbb-473e-93de-8ecf8d6d9332,ایرانی,
d8b5d361-cf00-4ae3-addb-240dea74ba8f,ایرانی,
d8b93ce6-c2cc-4300-9957-5799feeebc3f,ایرانی,
d9286849-b3e8-46f1-bd48-c0ca4cc316e0,ایرانی,
d9376f18-2f26-45cb-9992-5f2e45971c3e,ایرانی,
d9a2e7ff-c37b-4acc-9d77-750bb154f86b,ایرانی,
d9ab33d1-f81a-4e88-bf22-56491a131a33,ایرانی,
db36724c-0f86-428f-aba0-6784441500d7,ایرانی,
db4c9b8f-4742-4a6d-a4cf-968ef3f0bc1c,ایرانی,
db7226e7-a3e1-4827-8712-d30040b80d82,ایرانی,
dba57f15-0da2-429f-b9ab-095859bd0676,ایرانی,
dbc3009a-dbbd-48e5-8b2f-505bb3ce1cea,ایرانی,
dbe7088c-2496-41f1-a6dc-2c77398c4296,ایرانی,
dc04ad4a-6dd6-4f8d-ace8-09a06fdb6b57,ایرانی,
dc802e1d-741b-4caa-b41e-666331263e44,ایرانی,
dd161e13-a523-476f-aba4-73916e36ab19,ایرانی,
dd323a17-3864-4467-8e25-0aeaca47ec60,ایرانی,
dd327cab-a818-4e2a-a2b7-53ca38354c63,ایرانی,
dd5941d1-d5f8-4d67-bcf4-278d4dd67bf3,ایرانی,
dddc1f50-55df-4152-a52b-dafe92f1c06d,ایرانی,
de18b218-aabb-4760-8d31-aaab1d6c269b,ایرانی,
de2040b3-4cd7-483d-b721-9c78b9ead0bc,ایرانی,
de92dfc2-a023-4c27-b6c2-a7dbda857428,ایرانی,
decb2981-34ab-4e25-a463-dc629be2ac14,ایرانی,
ded58a02-4a46-4ceb-b19b-519e2d5df0fd,ایرانی,
dee6c406-000e-4ad1-81b7-e3d203b2d87d,ایرانی,
df0c3978-8093-439d-a785-b5c88b2ff642,ایرانی,
df4e795d-de12-4362-9bdc-0cd9c4af2dd3,ایرانی,
df64fa32-bea1-4682-ab11-9eec1b523e7f,ایرانی,
df7010ac-a57a-4fa8-b0b4-b4ab26216a29,ایرانی,
df8aa099-7ef7-4db5-85ab-9604021b9ce1,ایرانی,
df9a8483-42f0-472f-917e-a5b15967b312,ایرانی,
dfb7f832-b5ca-40fe-ad6a-7d27def8ee82,ایرانی,
dfc298f1-bf3a-4762-a4fb-8c26c75d2cd7,ایرانی,
dfc52de8-de87-4f9d-902b-8c9996fb7731,ایرانی,
e000fd62-81ae-4c57-afb2-9c41bac8e2c1,ایرانی,
e022d1aa-b43c-4beb-87b4-f0c4576ff471,ایرانی,
e08a1431-62cc-492d-a492-dbdf403cde97,ایرانی,
e0ad5012-0335-49d0-bad0-52c3a1744721,ایرانی,
e0c43fee-f361-4323-93b1-13a869fdfcc8,ایرانی,
e0db0bc4-8b98-4879-8757-0fd4ce550f8c,ایرانی,
e0f36714-30a2-4f86-8fe5-db6921934e39,ایرانی,
e110babe-8832-4361-9d3a-16aaa4e0f2fb,ایرانی,
e1eaea49-4e0f-4a7b-84f2-dea8fd6dc4a9,ایرانی,
e293762e-3d1e-48d8-aac9-7ead772ccbe0,ایرانی,
e2aa134f-e5e7-4ce8-a9a4-e321ee7de60a,ایرانی,
e2d52bd0-c10e-4076-a594-58f5ed475469,ایرانی,
e2e656ae-d32f-4d8b-8005-d7c2e59d0b2c,ایرانی,
e31f763f-c016-4f91-a642-bb41a406942e,ایرانی,
e38e4109-f8cd-4584-a338-6b31921e6293,ایرانی,
e3cef899-384e-4a1c-9384-779ea3ac5a70,ایرانی,
e3f8f6c6-1e3c-465b-bc54-cca0e47beff6,ایرانی,
e408f55e-7294-49c3-8f5c-55c4a229b653,ایرانی,
e4268531-fad3-435c-a2f2-b5dcb3eedb72,ایرانی,
e492a951-ebde-45aa-85db-0174f2354585,ایرانی,
e4a56a82-1ca2-4a83-82e9-1a40463f3745,ایرانی,
e4c339c4-1fae-44ab-9db2-b719a36fc4a4,ایرانی,
e4f68d85-eef2-4ab5-9871-9d640609e8d7,ایرانی,
e502d713-a51d-43d8-be71-a7eba3a0d39b,ایرانی,
e53e779b-85a6-4748-a916-d6f8f102a458,ایرانی,
e5f5e587-24e8-48d6-a7c7-ff9ecfbd96dd,ایرانی,
e60247c3-94c0-4489-bcb4-c7ba8edc6473,ایرانی,
e66a2af9-565e-48f6-ad13-2833b6137f3e,ایرانی,
e6e70295-c72d-4d2f-b57a-f35ea3cadadd,ایرانی,
e79915b3-0ca6-4ee4-b4c6-4fee386b7528,ایرانی,
e7c8c9e4-677d-4bc2-ab8f-6fc6ffe9d7c5,ایرانی,
e810ca6f-8734-42e0-8afd-586c1f4950fb,ایرانی,
e84e6aa1-bbd3-49ea-92e1-dbe1b1546df9,ایرانی,
e87b324f-8e40-4f0b-a8a7-06f2e756ef58,ایرانی,
e8aeae5f-3152-42d2-a48c-9eb392c28f02,ایرانی,
e8c69cef-7149-449b-83f0-018845c89399,ایرانی,
e915bc95-611c-4417-8cb9-b9ac7129f7a4,ایرانی,
e988411e-3844-4ba6-ba53-1b9ae0537025,ایرانی,
e9aa7c84-e925-471a-bcc4-39bdfa3e7183,ایرانی,
e9c2acbb-3fb5-483e-b6ba-7d1dfd3f4b72,ایرانی,
ea415837-2df1-440b-b501-a01bc595bc04,ایرانی,
eaae7025-a075-46e6-a149-ba3f7ccf72ed,ایرانی,
eab91bed-b07e-40dc-93c2-f02c5b0e57d9,ایرانی,
eb129c9c-f05a-4bc9-bf4a-9b165e6071af,ایرانی,
eb428aae-5224-49b5-81c6-2b2e802a553f,ایرانی,
eb4673b8-4ca9-4f8e-a771-69e684fb0872,ایرانی,
eb4fad71-3cdf-4626-aa3e-f5c6351b68f0,ایرانی,
eb6e4d44-74c7-4c97-9de0-dbdfede370bf,ایرانی,
ebb2760d-228b-44c2-9ca5-147f0edefb1d,ایرانی,
ebd40c76-f7f9-4d2e-b017-d02871a95fea,ایرانی,
ebe9f169-a4d9-447b-a755-e691aea26688,ایرانی,
ec825827-9562-41be-9c02-726a056bc2d5,ایرانی,
ed118c20-c386-481e-8f7c-12f8c10b9c86,ایرانی,
ed163ff3-a6ec-41d3-a7b2-a8616a74553e,ایرانی,
ed3038a9-5cf0-4851-a05a-5e71ee5560b2,ایرانی,
ed444fde-e388-4c15-ad84-04c87470655d,ایرانی,
edb21c36-637b-4df3-b142-2113090585ef,ایرانی,
edd00267-b3c7-49d5-8756-943c19a4def0,ایرانی,
ee174e53-5041-4199-98e4-a8aa2602703b,ایرانی,
ee47dd15-c0c5-4d86-b424-2566495c57f3,ایرانی,
ee4e5eda-776c-4cbe-8a53-0dcbe057f89e,ایرانی,
ee81a9c9-0ee5-4610-b593-79da970ff53b,ایرانی,
eed7e08e-f489-485a-91f9-ea3149248cd2,ایرانی,
efa2e075-36f6-4110-8c0f-3626abebfdd7,ایرانی,
efbd677b-030b-49bc-8c98-5b295c100c92,ایرانی,
f0402677-c7f9-4e2c-8a2b-ba4f7346497b,ایرانی,
f06b0903-598b-48b9-ba36-4eb1c5ad5c31,ایرانی,
f0e9368b-5cb0-4317-8ce3-f4c467f6223e,ایرانی,
f12735fa-5ae6-4c5c-92c4-c205322c4cf2,ایرانی,
f1361169-cee2-4a9c-a0e4-4d9de714ea25,ایرانی,
f17782e1-b4da-4587-8974-812aaa0efad1,ایرانی,
f1c3770b-24d9-452d-8e86-2cf19a679cf6,ایرانی,
f1fa2ec2-56c1-4e74-b96c-01d039d4dcb6,ایرانی,
f20b495a-b1b7-4400-9c58-21d287424368,ایرانی,
f27270d3-667b-47e8-ad5f-99cf2966aeec,ایرانی,
f2e45f4b-37d5-4dfe-aa58-bdda85a79555,ایرانی,
f376e896-6985-4821-aa59-085f4bdecddb,ایرانی,
f396d420-636f-4249-b45d-3185476b2368,ایرانی,
f3cbec6d-6b03-495d-bd92-860075c4f7d2,ایرانی,
f454b0ac-9c7a-4136-ae7d-bc34ff5f91b0,ایرانی,
f4626008-5f67-468e-bfeb-e6cdde264c79,ایرانی,
f54db46a-cb6b-4aaa-9981-4720a438d836,ایرانی,
f5562e5c-2dce-470e-9156-8e7aafcfd0f7,ایرانی,
f59710a2-6e64-4063-b590-8edc3f7f3552,ایرانی,
f59f7dc7-14fd-4028-9416-1771d56a58b8,ایرانی,
f5c9565e-29cb-4c30-8be3-ecb249e8cc3c,ایرانی,
f707099f-dcd2-4574-a8ac-57aa52307a7d,ایرانی,
f71018b6-125d-4856-8b92-134c4a440f58,ایرانی,
f72a8e0e-632e-42ea-ab9c-db8ed0a4b5bf,ایرانی,
f7aba155-9dc3-404f-85c3-c6f783721fdc,ایرانی,
f81fbd10-354b-4a15-b0a4-bf1953b23f9e,ایرانی,
f84f04fd-95b7-478e-863b-f995de077f91,ایرانی,
f92d4575-4b5c-4813-af90-e846972f0207,ایرانی,
f98c9fbb-3fda-4c48-826f-b504ffbe6f9b,ایرانی,
f9d65fba-b4a6-413e-a54c-95d4632594b6,ایرانی,
fa8b3895-ddab-4cd7-9747-cb9d12c06db6,ایرانی,
facdee03-bae1-4f99-b670-1d89754c8e81,ایرانی,
fad2f0a3-a3d4-4136-9d29-b0c3443d4673,ایرانی,
fb11585e-2240-4351-a5b2-c802455c6729,ایرانی,
fb186a39-f057-464c-bc53-2f11da592396,ایرانی,
fb196aca-2e1d-4dd5-8346-46ee8c76d63c,ایرانی,
fb222ded-3dd2-428b-91a1-0f167dacb149,ایرانی,
fb7e7f71-cb00-4b22-bcfa-81ea0660f09d,ایرانی,
fbcc1cba-ddb0-481e-8fd4-44c99f80200e,ایرانی,
fc64c36b-4fce-4dbb-a4eb-c569a9fb6e31,ایرانی,
fc8691a7-cafb-49f5-9941-4d0c9643fa12,ایرانی,
fc8fe2b7-9caa-4f22-bc6c-407759608e65,ایرانی,
fcd65319-85fa-4fb3-abf9-e8b0441a0ab7,ایرانی,
fd2ac7fb-1558-4952-80a5-a0dba968730d,ایرانی,
fd513111-9fb1-4a4b-8c59-0cea83951386,ایرانی,
fd8cfc9d-3600-4af4-95b1-42168fc36214,ایرانی,
fd9484af-e492-428c-8755-d144e4da37d3,ایرانی,
fdba9d47-6906-44a9-90db-b6f5c1ff9ba0,ایرانی,
fdd1e216-5583-4131-90c8-852996a0ffec,ایرانی,
fddab071-3e8c-47d7-942d-acf0dc9741ee,ایرانی,
fdef1ce2-1791-4878-84e4-fb9404af1112,ایرانی,
fe4f8e34-1b1d-4426-b9f4-df0e390f9137,ایرانی,
fe5ecd12-d011-4bc7-a94d-a3f5d0c3cb21,ایرانی,
fe89a247-bba3-4961-a898-cb2cf45365e2,ایرانی,
fe8cd76f-ff6f-4d10-b77c-6e5f8065915e,ایرانی,
feb4a92c-dcba-41a5-b4cc-301493bf4da5,ایرانی,
fec37e4f-f6ea-4efa-90f5-2203354c0725,ایرانی,
fef87d4a-3f85-424c-afc3-09b7974ab706,ایرانی,
